{"cameraMode":{"drawMode":0,"name":"Shaded","section":"Shading Mode"},"sceneLighting":false,"audioPlay":false,"sceneViewState":{"showFog":true,"showMaterialUpdate":false,"showSkybox":true,"showFlares":true,"showImageEffects":true,"showParticleSystems":true},"in2DMode":false,"pivot":{"x":0.6877317428588867,"y":0.6689020395278931,"z":0.3522382974624634},"rotation":{"x":-0.07024286687374115,"y":0.8049870133399963,"z":-0.09731739014387131,"w":-0.5810285210609436},"size":4.766025543212891,"orthographic":false}